promedio,asistencia,reprobadas,semestre,ingreso_familiar,beca,trabaja,horas_trabajo,internet_casa,computadora_propia,deserto
8.2,91,2,3,17327,1,0,0,1,1,0
7.31,75,2,3,10710,1,0,0,1,0,1
8.41,72,0,7,18343,1,0,0,1,1,0
9.63,82,0,9,14457,0,0,0,1,1,0
7.17,80,2,6,5884,1,0,0,1,1,1
7.17,77,1,2,19123,0,1,44,1,1,1
9.71,90,1,1,19756,1,0,0,1,1,0
8.57,93,3,2,16411,0,0,0,1,1,0
6.84,83,1,1,8192,0,0,0,1,1,0
8.26,100,1,10,10470,0,0,0,1,0,0
6.85,68,0,10,12727,1,1,36,1,1,0
6.85,80,1,9,8481,0,1,15,1,1,0
7.84,73,1,10,20462,0,1,15,1,0,1
4.82,60,2,8,12722,0,1,24,1,1,1
5.09,81,1,7,2500,1,0,0,1,1,1
6.71,81,1,3,13697,1,0,0,1,1,1
6.08,100,0,8,10259,1,1,35,1,1,1
7.94,90,3,2,11625,1,1,40,1,1,1
6.23,70,1,2,10157,0,1,11,1,1,0
5.52,100,0,10,16035,0,1,37,1,1,1
9.55,97,3,3,17598,1,1,22,1,1,1
7.18,89,0,7,13415,0,0,0,0,1,1
7.59,79,1,1,10303,0,0,0,0,1,1
5.51,70,3,8,11793,0,1,20,1,1,1
6.74,78,1,7,12098,0,1,22,1,1,1
7.66,95,2,4,7988,0,0,0,1,1,1
5.89,100,1,5,14895,0,0,0,0,1,0
8.03,100,0,10,14300,0,0,0,1,0,0
6.66,76,0,1,19702,0,0,0,1,0,1
7.09,69,1,4,18277,0,1,28,1,0,1
6.66,84,2,1,8572,0,0,0,1,1,0
10.0,61,1,1,16101,0,0,0,0,1,0
7.48,86,0,10,7245,1,0,0,1,1,0
6.02,80,1,1,15480,0,1,31,1,1,0
8.65,76,1,7,9417,1,0,0,1,1,1
5.79,63,2,7,6884,1,0,0,1,1,1
7.79,88,3,4,13400,1,0,0,1,1,0
4.76,76,5,2,2500,0,0,0,1,1,1
5.64,68,2,3,3245,0,0,0,1,0,0
7.78,48,2,8,11113,0,0,0,1,1,1
8.53,82,0,8,12412,1,1,37,1,0,0
7.74,100,3,6,10153,0,0,0,0,1,1
7.34,100,2,10,4103,1,0,0,1,0,1
7.08,77,2,9,7911,1,1,20,1,1,0
5.43,75,1,9,13956,0,0,0,1,0,0
6.49,88,1,4,14909,0,1,15,1,1,1
6.86,70,0,1,11919,1,0,0,0,1,0
8.98,86,0,1,17784,0,0,0,1,1,0
7.98,91,3,10,13987,0,1,25,1,1,0
5.03,97,1,5,8263,1,1,24,1,0,1
7.95,81,3,2,10597,0,0,0,1,0,1
6.96,80,0,6,4986,1,0,0,0,1,1
6.55,71,1,7,11459,1,0,0,0,1,1
8.36,72,2,1,17561,1,1,12,1,1,0
8.94,79,0,6,15426,0,1,26,0,0,0
8.8,86,1,8,19010,0,0,0,1,1,0
6.33,93,1,5,10486,0,0,0,1,1,0
7.07,72,1,7,18730,0,0,0,1,1,0
7.96,100,1,10,11033,0,0,0,1,1,1
8.87,79,0,6,19358,0,0,0,1,1,0
6.83,82,2,4,11891,0,0,0,1,1,1
7.24,73,0,7,15536,0,1,22,1,1,0
5.95,53,1,10,19376,1,1,29,1,1,0
5.83,93,0,9,11033,0,1,35,1,1,0
8.64,91,2,10,13092,0,0,0,1,1,1
9.4,79,0,10,18444,1,0,0,1,1,0
7.4,83,0,7,11335,1,1,18,1,1,0
8.9,88,2,5,5396,0,0,0,1,1,0
8.01,63,0,7,22715,0,1,19,1,0,0
6.6,76,3,3,9651,1,0,0,1,0,1
8.01,92,0,2,12794,1,0,0,0,0,1
9.65,67,1,5,17780,1,0,0,1,0,0
7.45,86,0,4,8958,1,0,0,1,1,0
9.69,66,1,5,6961,0,1,11,1,1,0
3.83,88,1,8,13269,0,0,0,1,1,1
8.65,82,0,4,3035,0,0,0,0,0,0
7.62,63,1,9,10560,1,0,0,1,1,0
7.08,96,2,7,13225,1,1,37,1,1,0
7.63,73,1,10,10650,1,0,0,0,1,1
4.72,72,2,7,4283,0,0,0,1,1,1
7.19,84,0,8,19971,0,0,0,1,1,0
8.0,96,2,6,12518,0,0,0,1,0,1
9.57,70,0,8,19156,1,0,0,1,1,0
6.77,83,0,3,10700,1,1,18,1,0,0
6.37,87,2,10,7600,0,0,0,1,1,0
6.8,90,1,10,13346,0,0,0,1,1,1
8.78,84,1,1,10921,0,1,28,1,0,0
7.96,78,0,6,6111,0,0,0,1,0,0
6.76,72,1,1,19349,1,0,0,1,1,0
8.22,83,1,9,8889,0,0,0,1,1,1
7.64,69,1,2,2799,1,0,0,1,1,1
8.86,47,1,2,18641,1,1,27,1,1,0
6.52,87,3,7,9479,1,1,32,1,1,1
7.04,93,0,2,8961,0,1,29,1,0,0
6.95,54,0,10,3173,1,1,15,1,1,1
5.45,70,1,8,20705,0,0,0,1,1,0
7.91,89,1,6,5553,0,0,0,1,1,0
7.87,100,0,7,12292,0,0,0,1,0,0
7.51,82,1,7,16563,0,0,0,1,0,1
7.17,73,0,6,14109,0,1,36,1,1,0
5.52,80,1,10,11702,0,1,43,1,1,1
6.91,98,2,9,3492,1,0,0,0,1,0
7.02,74,0,9,7951,0,0,0,1,1,1
6.38,72,1,7,12939,1,0,0,1,1,1
7.27,76,4,9,8064,1,0,0,1,0,1
8.07,71,0,10,13017,0,0,0,1,0,0
10.0,83,1,3,15409,1,0,0,1,1,0
7.74,100,1,3,16813,0,1,28,1,1,1
7.86,86,0,1,5869,0,1,26,1,1,1
7.4,79,1,5,22983,0,0,0,1,1,1
4.81,78,4,4,15837,1,0,0,1,1,1
7.46,63,1,2,11991,0,0,0,1,1,1
7.58,93,1,9,17448,1,1,26,1,1,0
10.0,81,1,3,23827,0,1,36,1,1,0
7.23,80,1,8,4806,1,1,16,0,1,1
7.92,100,1,6,10874,0,0,0,1,1,0
7.45,86,3,5,2500,1,1,17,1,1,1
5.86,73,1,1,12963,1,0,0,1,1,1
9.1,77,1,4,13827,1,0,0,1,1,0
8.55,96,2,3,11804,1,0,0,1,1,0
8.61,83,0,1,8727,1,0,0,1,0,0
6.23,65,1,5,2500,0,1,24,1,1,1
9.46,93,1,6,13868,0,0,0,1,0,0
5.54,74,0,2,19277,0,0,0,1,1,1
8.32,100,3,3,9045,0,0,0,1,1,1
10.0,95,2,6,14200,0,0,0,1,1,0
6.11,77,2,4,4159,0,0,0,1,1,1
6.71,97,0,9,14286,0,0,0,1,0,0
7.64,83,1,5,10033,1,0,0,1,0,0
6.8,92,1,4,8188,0,0,0,1,0,0
5.33,88,2,2,8198,1,1,40,1,1,1
7.6,72,0,6,10032,0,0,0,1,1,1
6.01,74,0,10,13912,1,0,0,1,1,0
8.16,94,2,2,5439,1,0,0,1,1,0
6.21,78,1,7,10014,0,1,38,1,1,0
9.67,77,2,3,11793,0,1,19,1,0,0
6.4,71,1,9,6505,0,0,0,1,0,1
7.05,87,0,5,20983,0,0,0,1,1,0
8.64,100,0,8,7733,1,1,39,1,1,0
5.78,69,0,6,8653,1,1,27,1,1,1
7.82,82,1,10,7108,0,1,33,1,1,1
9.33,99,1,8,20992,0,1,41,1,1,0
5.25,81,0,3,14765,0,1,18,1,0,1
7.76,87,2,3,7317,0,0,0,0,1,0
7.86,69,2,5,17531,1,0,0,1,1,0
8.59,87,1,10,13003,0,1,12,1,1,0
5.77,80,0,3,13286,0,1,32,1,1,1
5.65,94,1,8,10278,0,0,0,1,0,1
8.23,96,2,10,8253,0,1,19,1,1,1
7.92,100,1,8,13689,1,0,0,1,0,0
7.85,89,3,2,9275,0,0,0,1,1,0
7.99,86,3,4,21084,1,1,22,1,1,0
6.55,84,0,10,5654,1,0,0,1,1,1
7.83,78,0,1,19681,0,0,0,1,1,0
7.91,86,0,4,11443,0,0,0,1,1,0
6.5,78,2,4,13495,1,0,0,0,1,1
10.0,84,0,10,16166,1,0,0,1,1,0
8.16,98,1,9,8849,1,0,0,1,1,1
5.83,70,2,3,16321,0,0,0,1,0,1
8.42,96,0,2,2500,1,1,22,0,0,1
6.14,98,0,9,8400,0,1,33,1,1,1
8.6,81,3,9,7380,1,0,0,1,0,0
9.12,57,1,1,5732,1,1,10,1,1,1
6.35,75,1,6,10925,0,0,0,1,1,0
8.85,98,0,10,13929,1,0,0,1,1,0
8.08,82,1,8,15513,0,0,0,1,0,0
8.65,70,0,3,13204,1,1,35,1,1,0
10.0,76,0,9,8672,0,1,23,1,1,0
7.16,92,3,2,13845,1,0,0,1,1,0
6.44,89,1,6,12621,0,0,0,1,1,1
6.25,79,1,1,16680,1,0,0,1,1,0
6.36,78,1,7,15885,0,0,0,0,1,1
7.39,77,0,3,12152,0,0,0,0,1,1
7.98,71,0,7,7514,0,0,0,1,0,0
7.89,100,1,4,8735,1,1,13,1,0,0
8.66,78,0,9,9251,0,0,0,1,0,0
7.52,97,2,5,10424,1,1,39,1,1,1
9.53,100,4,3,13340,0,1,11,1,1,0
7.13,94,1,8,15576,1,0,0,1,1,1
10.0,77,2,6,11744,0,1,30,0,1,0
8.38,87,0,2,12081,0,1,30,1,0,0
6.3,82,1,3,12717,0,0,0,1,1,0
6.0,71,2,8,9420,0,0,0,1,0,1
8.18,86,3,10,7373,0,1,10,0,1,1
7.19,68,1,7,3223,0,0,0,0,0,1
8.5,96,0,10,8524,1,0,0,0,1,0
8.16,76,0,6,14366,1,0,0,1,1,0
7.4,84,1,1,8485,1,1,27,1,1,1
6.31,85,1,9,10811,0,1,20,1,1,0
5.38,79,0,3,14332,1,1,34,1,1,1
6.87,89,1,5,14603,0,0,0,1,1,0
8.7,76,1,7,6602,1,0,0,1,1,0
7.8,92,1,7,16985,0,0,0,0,0,0
5.76,66,0,3,17637,0,1,44,1,1,1
7.74,84,0,4,6351,0,0,0,1,1,0
8.04,100,2,10,7881,1,0,0,0,1,0
6.26,70,2,7,17955,0,0,0,1,1,1
7.72,74,2,8,11266,1,0,0,1,1,1
7.58,88,1,2,2500,0,1,28,1,1,1
5.9,84,4,9,5002,1,1,26,1,1,1
8.0,86,1,7,10753,1,1,10,1,1,0
8.29,88,0,8,6185,0,0,0,1,1,0
9.02,90,2,6,9933,0,1,22,1,1,0
8.98,95,1,6,12162,1,1,38,1,1,0
5.57,87,1,9,19311,0,0,0,0,1,0
6.19,79,2,4,10548,0,1,14,1,1,0
8.22,90,1,5,17363,1,0,0,1,1,0
8.22,100,2,9,19144,1,1,20,1,1,0
8.22,80,1,1,19172,0,1,18,1,1,1
10.0,70,0,4,13424,1,1,18,1,1,1
8.3,95,2,7,2500,0,0,0,1,0,0
9.09,81,0,9,14304,0,0,0,1,1,0
8.84,56,1,10,17242,1,0,0,1,1,0
8.41,92,0,6,11595,0,0,0,1,1,0
7.06,76,2,8,20723,0,1,43,1,1,1
8.56,81,1,9,16299,1,1,41,1,1,1
6.42,86,0,10,14841,1,1,25,0,1,0
7.17,84,2,4,17432,1,0,0,1,0,0
6.82,91,1,1,13667,1,1,23,1,1,0
7.61,77,1,8,2500,1,1,39,0,1,0
10.0,88,4,2,9504,0,1,11,1,1,0
4.89,79,1,1,17986,0,0,0,1,0,1
8.46,91,1,7,7962,1,0,0,0,1,0
5.24,89,1,10,10883,0,0,0,1,1,1
6.84,71,1,9,6776,1,1,40,1,1,1
9.02,95,1,9,20920,1,1,24,1,1,1
7.59,76,0,3,20407,0,1,29,1,1,0
5.99,92,2,6,7581,1,0,0,1,0,0
6.5,86,1,7,12736,0,0,0,1,1,1
8.45,100,2,10,8598,0,1,27,1,1,0
6.48,79,2,9,15075,1,1,20,1,1,0
7.8,78,0,2,14548,0,1,41,1,1,1
7.56,82,0,8,16059,0,1,36,1,1,0
6.59,78,0,7,13660,0,0,0,1,1,0
10.0,92,1,4,26677,1,1,37,1,1,0
8.39,63,0,2,6860,1,1,11,0,1,0
4.66,69,4,8,3447,1,0,0,0,1,1
7.76,69,1,5,10035,1,0,0,1,0,1
6.57,93,2,6,4160,0,0,0,1,1,1
8.69,100,1,7,4538,1,0,0,1,1,1
6.39,81,2,10,6993,1,1,38,1,1,1
7.34,80,1,1,7389,0,0,0,1,0,0
8.21,83,1,8,7227,0,0,0,1,1,0
8.71,96,3,4,14591,1,0,0,1,1,0
5.82,71,2,9,9469,1,0,0,0,1,0
7.03,85,1,1,11102,1,0,0,1,1,0
6.84,94,1,2,16471,1,1,32,1,1,1
6.59,88,0,6,8168,0,0,0,1,0,0
9.97,84,1,10,10677,1,0,0,1,0,0
8.07,94,1,1,13829,0,0,0,1,1,0
5.73,50,2,4,2500,0,0,0,1,1,1
8.79,90,0,8,2500,1,0,0,1,1,0
10.0,74,1,10,13731,0,0,0,1,0,0
8.95,60,3,5,14460,1,1,19,1,1,1
5.37,88,3,9,22321,0,1,26,1,1,1
6.82,98,2,6,12790,0,0,0,0,1,1
9.27,80,3,1,16099,0,0,0,1,1,0
6.51,93,2,6,11023,0,1,11,0,1,1
8.12,100,0,6,13486,0,1,43,1,1,1
8.58,98,2,6,20336,0,0,0,1,1,0
6.2,100,0,8,2500,1,1,32,1,1,1
7.42,91,1,6,14068,0,1,16,1,1,0
2.96,83,1,5,22678,0,1,42,1,1,1
6.07,63,0,2,13410,1,0,0,1,1,1
7.15,79,0,4,20253,1,0,0,0,1,0
5.75,72,1,10,8854,0,0,0,1,1,0
9.79,100,1,5,11840,1,1,18,1,0,0
5.5,80,1,10,12168,1,1,19,1,1,1
6.88,83,1,4,2500,0,0,0,1,1,1
7.68,89,1,2,6159,0,1,19,1,1,0
9.52,83,0,7,6516,1,1,21,1,1,0
5.49,100,2,10,16110,1,1,24,1,1,1
9.13,75,2,10,16361,1,1,40,1,1,0
7.51,84,0,2,13620,0,1,24,1,1,1
6.13,73,0,1,16121,0,0,0,1,1,1
8.15,66,0,5,11179,1,1,13,1,0,0
7.78,75,2,1,18010,0,1,10,1,0,0
6.66,82,2,1,12044,0,0,0,1,0,1
7.6,77,0,1,12289,1,0,0,1,1,0
6.96,74,0,6,10672,0,1,42,1,0,1
7.66,65,0,9,15422,1,0,0,1,1,0
8.43,81,0,10,9894,1,1,35,1,1,1
9.72,64,1,1,16882,0,0,0,1,1,0
5.77,91,2,5,6339,1,0,0,1,1,1
10.0,83,1,9,6505,0,0,0,1,0,0
4.77,65,1,9,15437,1,0,0,1,1,1
7.29,78,0,1,11557,0,1,11,1,1,0
8.32,73,0,8,9731,0,0,0,1,1,0
7.89,86,2,1,16450,1,0,0,1,0,1
6.63,98,1,8,8964,0,0,0,1,1,0
7.21,59,0,1,10999,1,0,0,1,0,0
6.81,83,1,5,18996,0,0,0,1,1,0
6.67,80,0,8,19696,0,1,11,1,1,0
8.69,90,3,6,19862,0,0,0,1,1,0
8.0,85,1,9,10589,0,0,0,1,1,0
6.53,73,0,1,18154,0,0,0,1,1,0
8.76,78,0,9,7255,1,0,0,1,1,0
7.93,72,2,1,7465,1,0,0,1,1,0
8.64,95,2,10,2500,1,0,0,1,1,1
8.38,82,0,10,20364,1,1,24,1,1,0
6.34,100,1,3,7680,0,1,19,1,1,0
6.72,81,1,1,11367,1,1,31,1,1,0
8.55,73,2,3,7448,0,0,0,0,1,1
8.35,64,1,2,15476,1,0,0,1,1,0
7.47,60,1,2,10122,0,0,0,1,1,0
7.66,63,1,9,5476,1,1,17,1,1,0
9.29,85,2,8,14208,1,1,30,1,1,0
6.67,88,3,1,4831,1,0,0,1,1,1
8.27,63,1,4,7813,1,0,0,1,0,0
7.22,93,1,1,2500,1,1,42,1,1,0
7.2,76,1,1,4880,1,1,36,1,0,1
9.04,84,1,4,12893,0,1,31,1,1,1
8.66,100,1,2,2500,0,1,39,1,1,0
8.64,93,0,3,4594,0,1,18,1,1,0
9.33,79,0,9,11988,0,0,0,1,0,0
7.53,71,4,2,9282,0,1,27,1,1,1
8.45,56,1,4,21960,0,1,14,1,1,1
7.07,73,1,1,21169,0,1,36,1,0,1
7.95,79,1,2,7660,1,0,0,1,1,0
7.32,70,1,5,14786,1,0,0,1,1,1
7.64,80,1,10,15746,0,0,0,1,1,0
8.33,83,1,1,9013,0,0,0,1,1,0
6.35,79,1,7,4522,0,1,27,1,1,1
10.0,74,1,4,11939,0,0,0,1,1,0
6.09,84,1,6,11136,1,0,0,1,1,1
5.8,87,3,8,9821,0,1,35,1,1,1
9.12,69,1,6,14212,1,0,0,1,1,0
8.61,99,0,2,8246,1,0,0,1,1,0
8.37,81,0,1,6240,1,0,0,1,1,0
8.38,82,1,8,12545,0,1,22,1,1,1
7.48,90,1,8,13930,1,0,0,1,1,1
6.24,85,0,9,6117,0,1,27,1,1,0
7.61,93,1,6,16640,0,0,0,0,1,0
6.55,85,1,1,3148,0,1,20,1,1,1
8.87,75,2,9,9109,0,0,0,1,0,1
7.29,86,1,3,10710,0,0,0,1,1,0
6.34,68,2,6,8819,0,0,0,1,1,1
7.05,83,2,10,9175,1,0,0,1,1,1
8.08,82,0,10,21355,1,0,0,1,1,0
6.71,80,3,9,7746,0,0,0,1,0,1
6.35,80,2,3,24206,0,0,0,0,1,1
7.84,59,2,5,14186,1,0,0,1,1,1
7.84,75,0,5,12460,0,0,0,1,1,0
6.79,83,0,10,14381,1,0,0,0,1,0
6.84,84,0,7,24650,1,1,26,0,1,1
7.82,70,1,4,7032,0,1,27,1,1,0
5.47,97,1,4,6398,0,0,0,1,1,1
5.53,72,1,7,8226,0,0,0,1,1,0
6.49,94,0,9,12161,0,1,25,1,1,1
7.2,87,0,4,3371,0,0,0,1,1,0
7.94,74,1,4,12112,1,1,34,1,1,0
9.57,100,0,6,20468,0,0,0,1,1,0
8.7,68,2,6,12757,0,1,37,1,0,1
7.28,93,4,7,10537,1,0,0,1,1,1
7.47,94,0,1,8909,0,1,22,1,0,1
6.1,74,2,3,16493,0,0,0,1,1,0
7.47,99,4,9,7871,0,1,34,1,1,1
7.1,79,0,6,21232,0,0,0,1,1,0
7.95,85,1,6,21667,1,0,0,1,1,0
6.34,85,0,5,13284,0,1,10,1,0,0
8.23,80,1,3,11942,1,0,0,1,0,1
9.65,92,0,5,17153,0,1,37,1,1,0
7.35,92,0,1,17474,0,0,0,1,1,0
8.06,61,2,3,7970,0,1,15,1,1,0
8.47,98,0,4,9367,1,0,0,1,0,0
6.94,62,2,5,5388,0,1,12,1,1,1
7.81,94,1,10,14045,0,1,17,1,1,0
7.52,96,3,9,15333,1,0,0,1,1,1
7.64,69,4,4,5250,0,1,28,1,1,1
6.42,77,0,3,9724,0,1,15,1,1,0
7.53,69,2,10,5264,1,0,0,1,1,1
8.2,79,0,1,7506,0,1,12,1,0,0
9.53,78,1,10,14755,1,0,0,1,1,0
8.84,91,1,6,8333,0,1,39,1,1,1
10.0,98,1,7,10496,1,0,0,1,1,0
6.43,99,1,10,3863,1,0,0,1,1,0
8.72,75,0,8,12935,0,0,0,0,1,0
7.76,79,2,1,11779,1,0,0,0,1,0
10.0,62,3,4,8355,1,1,16,1,1,1
6.37,72,2,5,11055,0,1,18,1,1,1
6.32,94,0,2,12901,0,0,0,1,1,0
6.66,100,1,1,7926,1,0,0,0,1,0
4.53,67,0,8,4619,1,1,21,1,1,1
6.76,75,1,6,21028,0,0,0,1,1,1
6.44,82,1,5,8834,1,0,0,1,1,1
7.71,85,3,9,11516,0,0,0,1,1,1
7.98,72,3,2,17054,1,0,0,1,1,0
10.0,87,2,10,29645,1,0,0,1,0,0
8.83,76,0,8,5778,1,1,11,1,1,0
6.69,82,1,10,14249,0,0,0,1,1,0
6.24,89,1,9,8462,1,1,41,0,1,0
8.19,82,2,1,9306,0,0,0,1,1,0
5.65,77,3,7,8399,0,0,0,1,1,1
10.0,81,1,8,6372,0,1,11,1,1,0
9.15,81,3,3,11794,1,0,0,1,1,1
6.84,78,1,4,4627,0,0,0,1,1,1
5.1,79,0,3,16734,0,1,27,1,1,1
9.4,100,2,7,12275,1,0,0,1,1,0
7.34,89,1,9,14112,1,1,36,1,1,1
9.23,78,2,3,9669,1,0,0,1,1,1
5.27,90,2,6,10164,1,1,30,0,0,1
6.66,78,3,8,13438,0,0,0,1,0,1
7.51,96,0,6,6180,1,0,0,1,0,0
7.57,86,3,2,10210,1,1,34,1,0,1
6.87,81,2,7,7702,0,1,40,1,1,1
8.37,87,2,2,7547,0,0,0,1,0,0
6.01,63,3,2,2500,0,0,0,1,1,1
7.3,68,0,2,18697,0,0,0,1,1,0
7.67,68,1,1,8567,1,1,28,1,1,0
8.22,84,2,1,17817,1,1,35,1,1,1
8.5,100,0,7,17344,1,1,37,1,0,0
5.93,100,2,5,5570,0,0,0,0,1,1
5.35,90,1,3,6558,0,1,40,1,1,1
9.29,88,1,1,24803,1,0,0,1,1,0
7.97,60,2,10,20755,0,0,0,1,1,1
6.45,75,0,6,11842,1,0,0,1,1,0
9.67,73,1,1,13287,0,1,18,1,0,0
7.66,75,0,9,8846,1,1,28,1,1,0
9.15,80,2,2,14162,0,0,0,1,1,1
7.59,76,2,1,8414,0,1,21,1,1,1
10.0,58,2,7,2500,0,1,22,1,1,1
9.96,91,1,6,5392,1,0,0,1,1,0
7.15,69,2,6,12105,1,0,0,1,1,1
8.86,85,2,5,6345,0,1,37,1,1,1
8.4,100,2,4,11664,1,1,39,1,1,0
9.42,71,0,4,6627,1,0,0,0,1,0
6.15,52,1,3,8088,1,0,0,1,1,1
8.46,79,0,10,16266,1,0,0,1,1,0
8.98,95,3,8,13237,0,0,0,1,1,0
5.04,100,0,7,11952,0,1,31,1,0,1
5.84,67,0,9,16395,1,0,0,1,1,1
4.65,88,2,1,14403,1,1,25,1,1,1
7.12,76,0,7,19233,1,0,0,1,1,0
8.5,81,1,10,9701,1,0,0,1,1,0
9.6,100,1,4,9852,0,0,0,1,1,0
7.6,64,1,7,5494,1,1,32,1,1,1
9.78,85,0,1,9855,0,0,0,1,1,0
5.57,88,1,5,16824,1,1,28,0,1,1
5.12,95,0,3,18500,0,0,0,1,1,1
7.42,83,0,5,16802,1,0,0,1,1,0
8.04,86,0,4,3029,0,0,0,1,1,0
7.45,77,2,2,17416,0,0,0,1,0,1
4.61,85,1,4,2807,0,1,27,1,1,1
7.38,78,3,3,16491,1,0,0,1,0,1
5.67,89,3,1,10161,1,1,24,1,1,1
8.44,78,2,10,15513,0,0,0,0,1,0
8.01,87,3,8,5338,1,0,0,1,1,1
6.18,82,1,5,17856,1,0,0,1,1,0
6.78,96,0,4,4675,0,0,0,1,1,1
6.02,81,1,10,8658,0,1,37,1,1,1
7.41,61,1,5,7010,1,1,37,1,1,1
8.84,97,1,4,3229,1,0,0,1,1,1
6.12,71,1,3,12473,0,0,0,1,1,1
8.21,74,0,5,21030,1,1,34,1,1,0
6.76,75,0,4,25335,0,1,30,1,0,0
6.39,98,0,1,12486,0,1,23,1,1,0
7.35,56,1,3,17583,0,0,0,1,1,0
6.05,100,1,10,13160,0,0,0,1,1,0
6.72,95,3,10,14494,1,1,20,1,1,1
5.82,85,0,8,10289,1,1,16,1,1,0
10.0,81,1,7,12975,0,0,0,1,1,0
7.55,85,0,2,14687,0,1,27,1,1,1
6.52,88,0,1,9108,1,1,16,1,1,0
7.8,90,1,3,11613,1,0,0,1,1,0
7.34,89,1,5,11708,1,0,0,1,1,1
7.19,83,1,10,16132,1,0,0,1,0,0
8.36,80,0,1,6670,0,0,0,1,1,0
8.56,80,1,3,11742,1,1,20,0,1,0
6.76,80,2,3,21560,0,0,0,1,1,0
6.69,96,1,5,17820,0,1,32,1,0,1
7.11,89,1,3,18746,0,1,21,1,1,0
4.28,47,1,9,12122,0,0,0,1,1,1
5.38,90,4,1,13605,1,0,0,1,0,1
9.41,84,1,4,17011,1,1,33,1,1,0
9.8,82,0,10,19801,0,1,38,1,1,0
7.15,77,0,10,2500,0,1,43,1,1,1
8.31,95,1,4,5423,0,0,0,1,1,0
7.94,93,1,1,18547,0,0,0,1,0,0
10.0,73,1,2,10616,1,0,0,1,1,0
9.07,87,1,1,8641,1,1,27,1,1,0
7.32,70,3,6,5729,1,0,0,0,1,1
6.16,65,1,3,9225,1,1,10,1,1,0
5.25,74,1,7,4988,1,0,0,1,1,1
7.78,92,0,5,22455,0,1,43,1,1,0
6.44,93,0,9,11888,0,1,20,1,0,0
5.51,88,3,7,11710,0,0,0,1,1,1
6.59,91,0,4,14940,1,1,32,0,1,1
5.99,88,2,5,16812,1,0,0,1,1,1
9.86,74,1,5,16729,0,0,0,0,1,0
8.73,87,2,5,17368,0,0,0,1,1,0
7.49,92,1,10,8846,0,0,0,1,1,0
9.57,91,0,9,10511,1,0,0,1,1,0
7.61,96,0,10,15845,0,1,10,1,1,0
6.29,90,5,3,9363,1,1,29,1,1,1
9.63,86,1,6,11974,1,0,0,1,0,1
8.25,95,1,8,13994,0,1,20,1,1,0
6.05,82,0,9,15926,1,1,44,1,1,1
7.23,71,2,7,3112,1,1,13,1,1,1
6.27,80,0,3,15574,0,1,38,1,1,0
5.56,73,0,1,10831,1,0,0,1,1,0
8.8,74,0,4,15537,0,0,0,1,1,0
10.0,80,0,6,15885,0,1,10,1,0,0
5.54,72,2,3,20040,1,0,0,1,1,0
8.29,78,1,1,18767,1,0,0,1,1,0
6.59,59,0,6,18733,1,0,0,1,1,0
6.82,85,2,1,19218,1,0,0,1,1,1
6.67,82,0,9,13457,1,0,0,1,1,0
6.29,72,2,1,12161,1,0,0,1,1,1
7.57,90,0,6,16364,1,0,0,0,0,1
6.34,93,1,1,15660,1,1,12,1,0,0
7.88,63,0,7,10455,0,0,0,1,1,0
7.43,73,1,3,14024,1,0,0,1,1,1
7.17,73,1,6,11825,0,0,0,1,1,1
6.23,71,0,7,7730,0,0,0,1,0,0
6.69,92,0,1,18452,0,0,0,1,1,0
8.56,80,0,1,12276,1,0,0,1,1,0
8.2,79,1,5,22244,0,0,0,1,1,0
6.13,58,1,6,3873,0,1,42,1,1,1
7.64,90,1,9,9216,1,0,0,1,1,0
8.55,67,0,1,12163,0,0,0,1,0,0
5.16,83,1,4,17687,1,0,0,1,0,0
8.26,85,3,10,13997,0,1,35,1,1,0
6.57,98,1,8,13552,0,1,16,1,1,0
8.3,66,0,10,6364,0,1,16,1,0,1
6.43,46,1,9,6215,1,0,0,0,1,1
4.97,84,1,3,13613,0,0,0,0,1,1
5.22,100,2,2,5179,1,0,0,1,1,1
7.57,97,2,4,9341,0,1,33,1,0,0
7.86,85,0,2,14505,0,0,0,1,1,0
6.23,76,1,1,7088,0,1,17,0,1,0
8.39,92,2,3,20027,0,1,18,1,0,1
5.17,70,2,7,18120,1,1,12,1,1,1
7.41,88,1,1,4143,1,0,0,1,0,0
5.8,88,4,2,7338,1,1,40,1,1,1
6.59,95,2,1,2500,0,0,0,1,1,1
7.57,100,4,8,8087,0,0,0,1,1,1
6.3,87,2,5,15832,0,0,0,1,1,0
6.96,76,1,8,9931,1,1,25,1,1,0
8.91,82,2,3,14304,0,0,0,1,0,0
6.69,61,1,7,4388,1,0,0,1,1,1
8.67,74,2,8,15990,0,0,0,1,0,0
5.92,77,0,6,9224,0,1,14,1,1,0
8.24,76,2,7,12061,0,1,20,1,1,0
9.52,84,3,2,11536,0,1,38,1,1,1
4.04,72,2,8,5642,1,0,0,1,1,1
6.38,95,1,5,6235,0,0,0,1,1,0
8.31,82,1,7,16839,1,0,0,1,0,0
7.22,82,0,1,13995,0,0,0,1,1,0
8.02,78,0,5,17250,1,1,43,1,1,1
6.65,84,0,1,13623,0,0,0,1,1,1
7.62,92,1,8,12715,1,0,0,1,1,0
7.28,72,3,4,3370,1,0,0,1,1,1
9.13,74,3,4,10648,1,1,43,1,1,1
7.86,78,2,2,11863,0,0,0,1,1,0
7.97,66,1,5,21766,1,0,0,1,1,1
6.92,72,1,1,15435,0,1,37,1,1,1
6.82,76,1,9,19680,0,0,0,1,1,1
6.89,92,1,5,14988,0,1,19,1,1,0
8.05,85,2,6,8443,0,0,0,1,0,1
6.91,84,1,2,12586,1,1,33,1,1,1
7.91,92,2,10,13181,0,0,0,0,1,0
10.0,80,1,10,7304,1,0,0,1,1,0
8.72,87,2,1,10078,1,1,32,1,0,0
7.04,81,0,4,10971,0,0,0,1,1,0
9.18,85,0,7,20028,1,0,0,1,1,0
6.93,75,0,6,2500,0,0,0,1,1,0
4.65,53,1,10,18029,1,1,13,1,1,1
6.09,80,2,1,7316,0,0,0,0,1,1
4.88,99,4,1,5140,1,1,19,1,1,1
7.01,93,0,8,17900,1,1,43,1,1,0
7.53,94,1,4,15659,1,1,35,1,1,0
9.85,97,1,5,18273,0,0,0,1,1,0
7.96,83,2,7,16004,0,0,0,0,1,0
7.19,84,1,8,22299,0,1,17,1,1,1
8.66,75,4,10,14794,0,0,0,1,0,1
4.4,78,0,7,11218,0,0,0,1,1,1
7.83,89,2,2,13715,1,0,0,1,0,1
8.58,96,1,4,18217,0,0,0,1,1,0
5.43,80,1,10,8103,0,0,0,1,0,1
9.1,77,0,1,8741,1,0,0,1,1,0
7.97,82,1,10,10455,1,1,26,1,1,1
6.92,89,0,9,2500,0,0,0,1,1,1
8.39,65,1,3,12690,0,0,0,1,1,0
10.0,54,1,3,2569,0,0,0,1,1,0
7.75,75,1,10,12265,0,0,0,1,1,0
7.85,67,3,9,16326,1,0,0,1,1,0
6.86,76,1,10,9616,0,1,35,0,1,1
6.31,80,1,3,20386,1,1,11,0,1,1
8.66,77,1,8,4697,1,0,0,1,1,0
6.3,99,2,2,17956,1,0,0,1,1,0
7.6,86,0,3,15376,0,0,0,1,1,0
6.83,86,3,2,3420,0,1,28,1,0,1
8.17,89,1,1,25554,1,1,27,1,1,0
7.97,68,0,2,11681,0,1,22,1,1,0
8.95,94,0,8,7613,0,0,0,1,0,0
6.79,81,1,9,4965,0,1,32,1,1,1
7.12,90,0,2,10900,0,0,0,0,1,0
6.13,69,2,7,11363,1,0,0,1,0,1
6.88,63,1,5,12513,0,1,17,1,1,1
8.03,92,0,3,10511,0,1,35,1,1,0
8.56,87,0,9,15166,0,0,0,0,0,0
6.21,71,1,6,10062,1,0,0,1,0,1
8.72,72,0,1,2500,1,0,0,1,1,0
9.4,96,2,5,11253,1,0,0,0,1,0
8.08,68,1,7,2500,0,0,0,1,1,1
10.0,100,1,4,13769,0,1,40,1,1,0
6.42,71,1,8,7103,0,1,15,1,1,1
5.76,90,1,10,12817,1,1,14,0,1,1
5.01,78,1,5,18570,1,1,40,1,0,1
9.59,89,5,9,7256,1,0,0,1,0,0
8.42,75,0,9,17306,0,1,24,1,1,0
7.42,80,1,9,9833,1,0,0,1,1,0
7.89,82,2,1,20766,0,0,0,1,1,1
5.92,70,1,2,10174,1,0,0,1,1,1
10.0,91,0,3,7798,0,0,0,1,1,0
7.68,76,2,4,15436,1,1,15,1,1,1
7.65,79,1,10,9821,0,1,32,1,1,1
8.52,70,1,9,7793,0,0,0,1,0,1
8.17,51,1,10,9611,1,1,24,1,1,1
7.81,80,0,6,11777,0,0,0,1,1,0
6.39,100,0,1,18711,1,1,31,1,1,0
8.16,91,2,9,2500,1,0,0,1,1,0
10.0,82,0,6,12115,1,0,0,1,0,0
9.38,79,3,4,15125,0,0,0,1,1,1
9.73,82,2,4,12967,0,1,39,1,1,0
6.78,89,4,3,18549,1,0,0,1,1,1
6.11,68,1,7,11628,0,1,10,1,1,1
7.32,95,3,3,11077,1,0,0,1,0,0
7.58,91,0,2,14962,0,1,27,1,1,0
9.03,91,2,10,12497,0,1,36,0,1,1
5.13,87,1,8,10048,0,0,0,1,1,0
9.64,82,1,4,14581,0,0,0,1,1,0
7.28,90,0,8,8737,0,1,41,1,1,1
6.9,89,1,1,8944,1,1,30,1,1,1
6.08,78,0,5,9360,1,1,41,1,1,1
5.18,75,0,9,18765,0,0,0,1,0,1
8.65,83,2,1,2500,1,0,0,1,1,1
7.6,100,0,4,13978,0,1,23,1,1,0
5.69,67,0,6,12171,1,0,0,1,0,1
5.69,64,3,10,3596,1,0,0,1,1,1
7.03,84,2,8,13549,1,0,0,1,1,0
9.84,83,1,3,14379,0,1,26,1,1,0
7.14,84,4,5,14948,0,1,13,1,1,0
5.4,85,1,7,2500,0,0,0,1,1,1
7.16,79,1,1,18832,1,0,0,1,1,0
7.12,100,2,7,8311,0,0,0,0,1,0
3.72,63,2,8,15433,1,0,0,1,1,1
7.42,72,1,8,15705,0,0,0,1,1,0
7.18,81,1,9,7617,1,1,43,1,1,1
8.47,62,3,6,15302,0,0,0,1,1,1
10.0,80,3,6,10073,0,0,0,1,1,0
9.08,100,1,2,2500,0,1,22,1,1,0
7.12,82,1,3,17839,0,0,0,0,1,1
5.95,85,1,4,8125,0,0,0,1,1,0
10.0,67,2,4,7728,1,0,0,1,1,0
7.58,75,0,8,9985,0,0,0,1,0,0
7.52,77,0,1,13361,0,1,22,1,1,0
7.47,78,1,10,11714,1,0,0,1,1,0
7.78,97,1,4,14740,0,0,0,1,1,0
7.3,89,0,4,5303,1,1,41,1,1,1
6.7,69,2,1,8288,1,1,27,1,1,0
6.73,85,2,3,11420,0,0,0,1,0,1
7.45,88,1,5,21489,0,0,0,1,0,0
6.74,96,1,6,11431,0,1,10,1,1,1
6.5,100,2,9,17426,1,0,0,1,1,0
7.65,70,2,9,12193,1,1,10,0,1,1
7.14,72,3,9,9582,1,1,25,1,1,1
9.61,67,3,1,10766,1,1,24,1,1,0
3.79,79,2,9,11158,0,0,0,1,0,1
9.03,88,0,8,15018,1,0,0,1,0,0
9.24,94,2,2,18873,1,1,43,1,0,0
4.6,81,1,1,13798,1,0,0,1,1,1
7.02,78,1,1,17935,1,0,0,1,1,1
6.98,84,2,6,7176,1,0,0,1,1,0
5.53,72,2,9,9927,0,0,0,1,1,1
6.41,100,2,7,8378,0,1,14,1,1,1
5.95,63,0,5,13572,0,0,0,0,1,0
9.95,84,0,2,10205,0,1,14,0,1,0
8.81,100,0,1,15649,1,0,0,0,1,0
9.28,82,2,2,7345,0,0,0,1,1,0
8.51,80,0,1,12215,1,0,0,1,0,0
5.92,78,2,3,15434,0,1,13,1,1,1
6.77,80,2,6,2500,0,1,12,1,1,1
8.19,98,2,8,22608,1,0,0,1,1,0
5.79,55,1,3,10584,1,1,10,0,1,1
8.5,100,0,10,2500,0,0,0,1,1,0
7.16,65,1,9,12790,0,1,22,1,1,1
6.98,79,0,10,12167,0,1,26,0,1,0
8.5,77,0,5,11591,0,1,17,1,1,0
8.12,89,0,7,16956,0,1,41,1,0,0
6.99,63,1,8,15737,0,0,0,1,0,0
9.12,88,1,3,13489,1,0,0,1,1,0
5.99,100,1,2,14251,1,0,0,1,1,0
8.36,66,1,2,11478,1,0,0,1,0,0
8.33,84,2,5,20877,1,1,44,1,1,1
7.07,74,1,1,4604,0,0,0,0,1,1
7.96,87,3,2,12698,1,1,27,1,0,0
5.75,82,3,9,12325,0,0,0,1,1,1
8.79,74,1,7,16066,1,0,0,0,0,1
7.24,88,1,6,7781,0,1,34,1,1,1
6.77,100,1,9,3282,0,0,0,1,1,0
8.97,80,0,7,12784,1,1,10,1,0,0
6.51,91,2,5,13406,1,0,0,1,1,1
5.53,66,1,9,19448,1,1,19,1,1,1
5.32,71,0,6,5648,1,0,0,1,1,1
8.35,88,1,6,17773,0,0,0,1,0,1
5.71,100,0,4,23837,0,1,29,1,1,1
9.96,86,1,1,10111,0,1,11,1,1,0
4.59,78,1,5,5545,1,0,0,1,1,0
9.88,82,2,9,9965,1,0,0,1,1,0
7.8,67,1,8,12070,0,0,0,0,1,0
7.36,89,2,8,14819,1,0,0,1,1,1
6.74,93,0,5,9043,1,1,11,1,0,0
8.06,77,2,9,19776,0,1,43,1,1,1
7.45,76,0,3,6427,1,0,0,1,1,0
9.04,85,2,3,3304,1,0,0,1,1,1
7.66,77,1,1,17534,1,1,24,1,0,0
7.71,81,1,9,2500,0,0,0,1,1,0
6.99,100,1,6,10979,0,1,18,1,1,1
7.42,79,3,2,27588,0,0,0,1,0,1
7.93,78,0,8,11940,0,1,23,1,1,0
5.11,74,2,9,6396,1,0,0,1,1,1
5.61,91,2,9,11713,0,1,17,1,1,1
8.54,80,1,2,11746,1,0,0,1,1,0
7.74,74,1,2,12803,0,0,0,1,1,1
7.24,98,2,7,15311,0,1,25,1,0,1
7.53,99,2,4,6804,0,0,0,1,0,1
7.99,75,1,1,20438,1,0,0,1,1,0
6.74,60,0,8,13226,1,0,0,1,1,0
6.41,94,1,2,15634,0,0,0,1,1,0
7.77,74,0,3,8859,1,1,37,1,1,0
6.13,91,2,5,18432,0,1,13,1,1,1
8.07,58,3,3,10715,0,0,0,1,0,1
5.12,93,2,7,13388,0,1,27,1,1,1
8.94,67,1,7,7334,0,0,0,0,1,1
8.16,91,0,2,7015,1,1,39,0,1,0
7.86,82,1,7,15441,0,0,0,1,1,1
8.88,71,1,6,9782,0,0,0,0,1,1
9.83,77,2,10,7731,0,0,0,1,1,0
8.92,90,3,9,8784,1,0,0,1,1,0
4.92,83,1,9,15495,0,0,0,1,1,1
5.71,89,1,2,8855,1,0,0,1,1,0
6.63,100,1,7,11412,0,1,44,0,1,0
7.54,63,0,5,12075,0,0,0,1,0,1
8.22,100,1,6,2500,1,1,40,0,0,1
6.48,83,1,1,4644,0,0,0,1,1,0
7.76,71,1,7,13681,1,1,32,1,1,0
6.44,66,2,6,8315,0,1,26,1,0,1
6.64,80,1,4,17284,1,1,10,1,1,1
5.53,93,1,1,16834,0,1,32,1,1,1
6.21,80,2,9,15596,1,1,36,1,1,1
5.61,100,0,4,21099,0,0,0,0,1,0
6.13,65,1,2,11585,0,1,41,1,1,1
8.98,82,2,8,15244,0,0,0,1,1,0
6.17,67,1,2,9078,0,0,0,1,0,0
10.0,86,2,5,24262,0,0,0,0,1,0
8.19,93,0,6,21918,0,1,21,1,1,1
7.76,77,1,8,12059,1,0,0,1,0,0
6.3,51,0,1,13933,1,0,0,1,1,1
8.48,84,1,1,18796,1,0,0,1,0,0
6.69,87,1,4,11264,1,1,41,1,0,1
7.67,87,0,5,8717,0,0,0,1,1,0
10.0,97,0,9,16370,0,0,0,0,0,0
7.37,69,0,7,12392,0,0,0,1,1,0
9.11,90,1,7,12915,1,1,14,1,1,0
6.52,96,0,8,7829,0,1,30,0,1,0
7.45,61,1,5,3412,0,1,16,1,1,0
9.98,86,3,5,13181,1,1,32,1,0,1
6.62,76,0,1,16525,0,0,0,1,1,0
10.0,81,1,9,10871,1,1,19,1,1,0
8.49,86,3,6,19182,1,0,0,1,1,0
6.71,76,1,9,8480,0,0,0,1,1,1
8.39,74,1,3,6726,0,0,0,1,1,0
8.86,82,1,5,11664,0,0,0,1,1,0
8.37,69,1,2,11587,1,1,44,1,0,1
5.3,69,2,10,15850,0,0,0,1,1,1
6.48,90,1,5,8125,1,1,36,1,1,0
7.15,68,2,8,18840,1,0,0,1,1,0
7.4,90,1,2,21835,0,0,0,0,1,1
8.37,88,3,8,11804,0,0,0,1,1,0
7.75,61,2,4,18249,1,1,19,1,1,0
5.63,74,1,10,6718,0,1,22,1,1,1
8.03,96,2,10,17376,1,0,0,1,1,1
8.35,70,2,1,17236,0,0,0,0,1,1
8.28,76,0,5,16317,1,0,0,1,1,0
9.01,88,1,1,11922,1,1,22,1,1,0
8.67,91,0,7,2500,1,1,31,0,1,1
8.14,79,1,8,8791,0,0,0,1,1,0
7.4,75,0,3,8870,0,1,22,1,0,0
5.17,99,1,3,7109,1,0,0,1,1,0
8.1,100,3,7,12611,0,0,0,1,1,0
7.79,94,3,4,9905,0,1,20,1,1,0
7.88,83,3,3,7877,1,0,0,1,1,1
5.71,72,1,8,6706,0,0,0,1,1,1
5.99,72,0,3,8422,0,0,0,1,0,1
8.97,88,1,7,17607,0,0,0,1,0,0
7.44,87,1,2,8695,1,1,40,1,0,1
8.45,99,1,1,9425,1,1,17,1,0,0
7.54,90,2,6,9717,0,1,14,1,1,0
7.54,64,0,8,13695,0,0,0,1,1,0
8.81,95,0,1,14281,0,0,0,1,1,0
6.78,70,2,10,2500,1,0,0,1,0,1
7.63,77,0,9,17108,0,0,0,1,1,0
6.85,85,3,3,19182,1,1,23,1,1,1
6.89,100,0,3,6749,0,1,23,1,1,0
7.07,100,0,4,7139,1,0,0,1,0,0
7.81,89,0,1,9749,0,1,38,1,1,0
6.83,80,0,9,8220,1,1,36,1,1,0
9.26,88,0,3,13120,0,0,0,0,0,0
6.25,93,0,10,2500,0,1,25,1,1,1
7.24,78,2,4,6410,1,0,0,1,0,0
6.88,100,2,1,19696,1,0,0,1,1,1
9.53,85,1,4,7359,0,0,0,0,1,0
7.78,88,1,1,18217,1,0,0,1,0,0
8.94,90,1,5,13777,1,0,0,1,1,0
5.42,87,0,5,2954,1,0,0,0,1,1
7.87,92,1,7,15177,0,0,0,1,1,1
8.75,75,5,8,11412,0,1,38,1,1,1
7.62,75,3,4,9723,0,1,14,1,1,0
8.99,69,3,7,13225,0,1,33,1,1,1
6.78,87,0,4,14373,1,0,0,1,1,0
9.47,91,1,3,15538,0,0,0,1,0,0
10.0,87,2,6,17891,0,0,0,1,1,0
6.99,100,1,4,14041,1,0,0,1,1,0
6.88,82,2,3,5122,1,0,0,1,1,1
9.53,90,1,9,9632,0,1,34,1,1,0
9.71,69,2,5,26715,0,1,28,1,0,1
6.77,77,1,7,15622,1,1,11,1,1,1
6.91,90,2,6,23846,0,0,0,1,0,0
7.11,92,1,10,18977,1,0,0,1,1,0
5.62,78,1,5,13209,1,1,36,1,1,1
6.21,81,3,7,13507,0,0,0,1,1,1
6.09,64,1,6,11817,1,0,0,1,1,0
6.43,78,2,10,3311,1,0,0,1,1,1
7.45,93,3,2,12090,0,0,0,1,1,1
7.83,89,1,3,18053,1,0,0,0,1,0
9.67,88,0,2,9002,1,1,40,1,0,0
6.1,83,3,3,14060,1,1,31,1,1,1
8.88,82,2,1,16258,1,0,0,1,1,0
7.2,74,1,8,7452,0,0,0,0,1,1
7.43,90,2,6,9743,0,1,24,1,1,0
8.44,87,0,2,6910,0,0,0,1,0,1
5.93,88,0,8,7889,0,0,0,1,1,1
8.04,76,0,6,5562,0,0,0,1,1,0
7.73,56,2,7,7498,1,0,0,0,1,1
8.19,95,0,1,19097,1,1,40,1,1,0
7.9,76,2,7,7423,1,1,15,1,1,1
10.0,72,1,3,12632,1,0,0,1,1,0
6.61,90,0,8,9486,1,0,0,1,0,0
6.76,77,0,6,17894,0,0,0,0,1,0
6.63,95,2,4,18556,1,0,0,1,1,1
6.72,89,2,8,16320,0,1,11,1,1,1
6.61,90,1,9,13531,1,1,43,1,1,0
9.16,66,0,10,10845,1,0,0,1,0,0
9.49,97,4,2,6041,0,1,25,1,0,1
6.7,85,0,6,21718,1,1,27,1,1,0
6.33,78,2,5,8202,0,1,22,1,1,0
8.16,84,3,5,15318,0,0,0,1,1,1
6.73,61,2,10,17298,1,0,0,1,1,1
8.39,87,1,3,9224,0,1,20,0,1,1
7.78,70,1,8,17190,0,0,0,1,0,0
5.38,66,1,8,15821,1,1,22,1,1,1
9.67,64,1,5,20640,1,1,39,1,1,1
10.0,95,0,8,9653,1,1,14,1,0,0
6.64,74,2,10,5571,1,0,0,1,1,1
6.96,100,0,8,9473,0,1,23,1,0,1
7.9,76,3,3,13044,0,0,0,1,1,0
7.97,62,1,2,12291,1,1,41,0,0,1
8.42,69,0,9,10033,1,0,0,1,1,0
10.0,97,3,2,2500,0,0,0,1,1,1
7.25,80,1,9,14352,1,1,16,1,1,0
6.38,75,1,4,21862,1,0,0,1,1,1
5.57,84,0,2,14321,1,0,0,1,1,0
6.48,88,1,10,15046,1,1,36,1,0,1
7.45,95,0,1,14862,0,0,0,1,0,0
10.0,99,1,4,13985,1,1,38,1,1,0
6.78,78,1,9,16658,1,0,0,1,1,0
7.81,66,2,9,13977,0,1,42,1,1,1
7.48,77,3,4,10437,1,1,28,1,1,1
9.16,85,1,9,8020,0,0,0,0,1,0
10.0,70,1,6,10755,0,0,0,1,0,0
6.76,71,0,1,13571,1,0,0,1,1,0
6.81,86,0,10,10420,0,0,0,1,1,0
8.96,81,2,6,13572,0,0,0,1,1,0
8.45,82,0,9,14196,1,1,42,1,1,1
10.0,73,1,2,16166,0,0,0,1,1,0
8.32,79,0,6,18414,0,0,0,0,1,0
7.0,71,0,2,12390,0,1,35,1,1,0
8.33,93,2,4,5461,0,0,0,1,1,1
9.05,94,2,8,10274,1,0,0,1,1,0
8.65,60,2,7,12220,1,0,0,1,1,1
8.21,71,0,9,2821,1,0,0,1,1,0
8.99,64,2,7,18943,1,1,13,1,1,1
9.14,74,2,1,12712,0,1,24,1,0,0
9.44,81,5,2,13907,1,0,0,1,1,1
8.41,65,1,6,18828,1,0,0,1,1,0
7.27,71,2,7,8849,1,0,0,1,1,0
7.71,70,1,3,14870,1,0,0,1,1,1
9.19,84,1,9,11451,1,1,27,1,1,0
6.36,83,3,7,11080,1,0,0,1,1,1
8.02,73,2,6,8139,0,0,0,1,1,0
6.95,84,0,6,20328,1,0,0,1,0,0
7.54,75,0,1,10122,0,1,43,1,0,0
9.29,79,3,5,15497,0,1,13,1,1,1
7.77,100,1,10,2625,0,1,27,1,1,0
7.57,98,1,3,17900,0,1,35,1,0,1
5.6,66,0,7,17261,0,0,0,1,1,1
8.54,92,1,10,12487,0,0,0,0,1,0
8.4,92,1,3,10865,1,0,0,1,0,0
10.0,68,1,5,14000,1,1,40,1,0,0
7.07,92,0,7,23444,1,1,19,1,1,0
7.81,100,1,3,3184,0,0,0,1,1,1
7.85,69,2,10,15910,1,1,30,1,1,0
9.71,71,0,2,7442,1,1,17,1,0,0
7.37,94,3,6,11900,0,1,41,1,0,1
7.89,85,1,8,10761,1,0,0,1,1,1
8.35,89,2,4,9858,1,1,43,1,1,0
7.76,86,0,9,11948,0,0,0,1,1,1
6.87,87,0,8,6329,1,1,34,1,1,1
7.77,66,0,7,17146,1,1,16,1,0,0
9.0,95,2,7,3029,0,0,0,1,1,0
6.06,96,2,3,14699,0,1,16,0,1,1
7.69,79,1,6,10367,0,1,17,1,1,0
6.52,81,2,5,6145,0,0,0,1,1,1
9.17,64,0,1,13012,0,0,0,1,1,0
5.37,88,0,3,4215,0,0,0,1,1,1
6.72,89,0,1,12199,0,1,12,1,0,0
8.03,81,2,4,4886,1,1,37,1,1,1
9.69,95,2,10,14306,0,0,0,1,0,0
7.41,78,1,3,7378,0,0,0,1,1,0
6.72,89,1,4,9745,0,0,0,1,1,1
10.0,70,0,9,13470,0,0,0,1,1,0
5.47,82,1,3,8137,0,0,0,1,0,1
4.42,80,3,6,11710,0,0,0,0,1,1
8.12,85,3,6,4431,0,0,0,1,1,0
6.8,78,2,7,15154,1,0,0,1,1,0
6.07,80,0,9,20825,1,1,21,1,1,1
8.49,92,0,7,25961,0,1,12,1,0,0
7.84,77,0,1,12456,0,1,36,1,0,1
6.71,63,1,8,15941,1,1,32,1,1,1
5.71,100,0,5,3097,1,0,0,1,1,0
8.72,99,1,9,19514,0,0,0,1,1,1
8.41,66,1,10,15881,1,0,0,1,1,0
7.36,90,3,5,9580,1,1,40,1,0,1
10.0,76,1,5,18186,0,1,22,1,0,0
6.0,85,0,2,10728,1,1,21,1,1,0
5.36,86,0,3,9710,1,1,44,1,1,0
6.53,79,1,10,14377,1,1,27,1,1,0
7.44,73,1,9,6683,0,0,0,1,1,1
7.84,74,2,7,17108,0,0,0,1,1,0
7.16,71,1,1,6720,0,0,0,1,1,1
7.99,72,2,3,6750,0,0,0,1,1,1
5.75,81,0,2,7452,1,1,23,1,1,1
9.52,73,2,1,15798,1,0,0,1,1,0
7.38,90,0,9,8916,1,0,0,1,1,0
9.06,100,2,8,5260,1,0,0,0,0,0
7.98,75,1,5,8972,0,0,0,1,1,0
8.14,85,1,2,11840,1,0,0,1,0,1
8.3,88,2,1,6095,1,0,0,0,1,0
8.13,88,3,7,6242,0,0,0,1,0,1
8.4,83,2,2,22556,1,1,14,1,0,0
9.36,91,0,1,7697,0,0,0,1,1,0
7.78,88,1,2,10385,1,1,28,1,1,1
8.49,67,2,7,10164,0,1,37,1,0,0
7.37,92,2,7,9893,0,1,35,1,1,0
9.52,93,0,10,15107,1,1,32,1,0,0
6.55,73,1,6,16741,1,0,0,1,1,1
10.0,82,1,5,10470,0,0,0,0,1,0
7.44,90,1,3,5818,0,0,0,1,1,0
5.5,79,0,3,18372,0,0,0,1,1,0
7.68,95,2,9,11523,1,1,12,1,0,0
6.55,100,1,4,20652,1,1,14,1,1,0
8.68,73,0,9,2500,1,0,0,1,1,0
6.59,65,2,4,12977,0,0,0,1,1,1
6.88,86,1,2,21593,1,0,0,1,1,1
4.85,91,1,4,10234,0,1,14,1,1,1
6.87,79,1,6,10873,1,1,43,0,1,1
4.11,99,3,6,13478,0,1,42,1,1,1
5.28,66,1,5,9206,0,1,34,1,1,1
8.56,90,1,1,10440,1,0,0,1,1,0
8.6,75,2,3,10311,0,0,0,1,1,0
8.1,100,1,5,8863,1,0,0,1,0,0
6.15,100,0,6,18144,1,0,0,1,0,0
7.43,73,0,1,14305,0,1,24,1,1,1
7.49,75,1,9,13253,0,0,0,1,1,0
5.88,92,0,3,16043,1,1,29,1,1,1
9.6,77,2,10,10678,1,0,0,1,1,1
8.73,81,1,3,8129,0,0,0,0,1,1
7.19,82,2,2,8987,0,0,0,1,0,1
7.54,59,0,8,12009,1,0,0,1,1,1
7.79,82,2,3,6704,1,1,16,0,0,0
4.64,74,1,6,9499,0,0,0,1,1,1
7.15,76,1,2,9419,0,1,14,1,1,0
6.55,99,3,7,22623,1,1,24,1,0,1
6.1,67,4,4,2500,1,0,0,1,1,1
7.11,92,3,9,11102,1,1,34,1,1,1
10.0,79,2,10,20628,1,0,0,1,1,0
8.4,79,1,9,12609,1,1,16,1,1,0
6.7,91,0,7,15767,0,1,28,1,1,0
8.3,86,2,8,12499,1,1,16,1,1,0
9.46,89,0,3,8663,0,0,0,1,1,0
8.79,94,1,5,2500,1,0,0,1,1,0
7.58,78,0,2,13027,0,0,0,1,0,1
6.59,75,0,10,8122,0,0,0,1,1,1
8.48,69,3,7,7998,1,1,11,1,1,1
8.05,72,0,8,9505,1,1,24,1,1,0
8.75,100,1,9,20724,0,0,0,1,1,0
8.39,97,1,7,24024,1,0,0,1,1,0
8.97,66,2,10,13086,0,0,0,1,1,1
6.75,66,1,10,9676,0,0,0,1,1,1
9.34,88,1,8,6114,1,0,0,1,1,1
7.78,89,2,9,14343,0,0,0,0,1,0
10.0,89,2,6,20915,1,1,28,0,0,0
6.54,79,1,10,10763,0,0,0,0,1,1
9.93,80,4,2,2500,1,0,0,0,1,0
7.78,86,1,2,15350,1,1,39,1,1,1
6.59,83,1,4,16927,0,0,0,1,1,1
6.82,55,0,9,4071,0,1,33,1,0,1
7.05,79,3,7,12882,1,1,33,1,1,1
8.09,72,0,2,14256,1,1,28,1,0,1
8.23,84,0,8,11634,0,0,0,1,1,1
6.7,100,1,7,8046,0,0,0,1,1,0
7.47,86,1,9,17080,0,1,38,1,0,0
10.0,78,1,8,9983,0,1,22,1,1,0
9.92,93,1,3,4574,0,0,0,1,0,0
8.11,88,1,1,2500,0,0,0,1,1,1
7.55,87,2,2,18304,1,0,0,1,1,1
7.67,89,2,2,15083,1,0,0,1,1,0
8.36,100,1,4,12440,1,0,0,1,1,1
6.07,68,2,6,9799,1,0,0,1,1,0
7.14,88,3,4,9355,1,0,0,1,1,0
5.16,71,2,9,6621,1,1,20,1,1,1
8.06,89,2,4,9843,1,0,0,1,1,0
8.41,71,3,6,2500,1,1,22,1,1,1
6.82,77,1,6,8320,1,1,17,1,0,0
9.7,78,1,10,10445,0,0,0,0,1,0
5.78,94,2,10,15049,1,1,18,1,1,1
5.45,93,0,1,11800,1,1,37,1,1,0
7.81,67,0,8,15975,1,0,0,1,0,1
8.97,83,1,3,18746,1,0,0,1,1,1
9.86,73,0,6,17291,1,0,0,1,1,0
6.86,67,1,3,14353,1,1,11,1,1,0
9.01,79,0,2,12059,0,1,13,1,1,0
7.45,78,1,5,7096,1,0,0,1,1,0
7.26,100,1,1,15700,0,1,19,1,0,1
8.74,87,2,9,20399,1,0,0,1,1,0
8.41,65,0,7,13711,1,0,0,1,1,0
5.29,75,0,3,21586,0,1,15,1,0,1
9.57,94,2,4,4372,0,0,0,1,1,0
9.43,100,1,6,6229,1,1,14,1,0,1
6.62,63,2,3,16276,0,1,12,1,0,1
8.05,59,1,7,13321,0,1,19,1,1,0
8.19,100,1,6,18569,1,0,0,1,1,0
7.86,87,1,9,11923,0,1,23,1,1,0
6.73,72,2,5,7660,0,1,30,1,1,1
6.56,88,1,4,10932,1,0,0,1,0,1
7.46,50,0,3,4337,0,0,0,0,0,1
9.14,82,0,10,6357,0,0,0,1,1,0
8.26,86,1,1,16862,1,1,26,1,1,0
6.98,93,0,3,16364,1,1,31,1,1,0
8.58,70,4,3,13815,1,0,0,1,1,1
3.51,83,0,7,3395,1,1,19,1,1,1
9.11,71,3,7,10208,1,0,0,1,0,0
5.06,85,1,1,5875,0,1,11,1,1,1
6.99,71,0,3,17883,0,0,0,1,0,0
5.93,77,0,8,9081,0,0,0,1,1,0
5.69,70,4,9,6571,0,0,0,1,1,1
9.13,90,0,7,12149,1,0,0,1,1,0
6.85,92,0,7,8799,1,1,35,1,0,0
7.99,79,1,8,19419,0,0,0,1,1,0
7.43,82,1,6,8326,1,0,0,1,1,0
8.17,65,0,3,5004,0,0,0,1,1,0
7.61,78,0,1,2500,0,0,0,1,1,1
5.7,81,2,7,11846,1,1,31,0,1,1
8.89,100,2,1,9190,0,1,26,1,1,0
6.81,69,0,1,4855,0,0,0,1,1,0
5.32,100,2,9,17946,0,0,0,1,1,0
6.9,94,1,10,15336,0,0,0,1,1,0
9.6,85,3,7,11859,1,1,23,1,0,0
8.69,100,0,4,18822,1,1,26,1,1,0
7.01,86,0,6,15313,0,1,17,1,1,1
7.01,87,0,1,7886,0,1,43,1,1,1
7.05,81,0,7,6804,1,1,35,1,1,1
10.0,97,2,6,16090,1,1,39,0,1,1
8.03,95,1,4,13982,0,0,0,1,0,0
8.1,74,0,7,12849,0,0,0,1,1,1
8.94,66,0,3,7768,1,0,0,1,1,0
7.83,80,1,1,15040,1,0,0,0,1,0
7.14,72,1,4,8223,0,1,33,1,1,1
7.23,81,1,3,11490,1,0,0,1,0,0
7.4,97,0,1,19235,0,0,0,1,0,1
7.45,77,0,2,8696,0,0,0,1,1,0
8.52,81,1,5,4135,0,0,0,1,1,0
7.57,83,2,8,6737,1,0,0,1,0,1
8.53,92,1,1,16971,0,1,35,1,1,1
7.39,55,0,4,13274,0,1,36,1,1,0
7.61,75,1,4,11356,0,1,20,1,0,0
4.7,85,0,5,9455,1,0,0,0,1,1
8.78,96,0,7,14427,0,0,0,1,1,0
7.99,76,1,8,7754,0,0,0,1,0,1
8.9,59,2,6,13528,0,1,35,0,1,1
3.45,89,0,1,8344,1,0,0,1,1,1
10.0,74,0,7,7512,0,0,0,1,1,0
7.3,68,4,3,8813,0,1,33,1,1,1
9.05,75,0,6,10123,0,0,0,1,1,0
6.04,80,0,8,11756,1,0,0,1,1,1
8.36,75,1,7,13177,1,0,0,1,1,0
6.03,56,0,10,2500,1,0,0,1,0,1
6.63,93,1,6,7962,1,0,0,1,1,1
10.0,97,2,9,10042,1,0,0,1,1,0
7.23,90,1,9,19525,0,1,24,1,1,0
7.8,68,1,1,6600,1,1,43,1,0,1
8.72,80,0,1,12814,0,0,0,0,1,0
8.19,82,1,1,19475,0,1,30,1,1,0
7.71,89,1,8,5435,1,0,0,1,1,1
8.01,90,2,10,13970,0,0,0,1,1,1
10.0,73,1,7,7989,0,0,0,1,1,0
7.42,83,0,3,9477,0,1,26,1,1,0
7.78,87,2,2,7984,1,0,0,1,0,1
8.97,99,1,4,8341,0,1,10,1,0,1
9.05,90,1,3,25610,1,1,19,1,0,0
9.16,91,2,7,16222,1,0,0,1,1,0
8.39,83,2,10,17509,1,1,21,1,0,0
5.9,99,0,8,14460,0,1,40,1,0,1
9.79,87,2,6,3969,1,0,0,1,1,0
5.9,72,4,3,13975,0,0,0,1,1,1
7.92,99,3,6,17365,0,1,24,1,1,0
6.44,90,0,2,7733,0,1,25,1,1,0
7.41,77,2,7,16827,1,0,0,1,1,1
7.96,76,1,10,15522,0,0,0,0,1,0
7.95,86,1,7,21260,0,0,0,1,1,0
8.09,88,1,4,9911,0,0,0,1,1,0
9.76,84,3,8,6512,0,0,0,1,1,0
8.13,86,0,4,10192,1,1,39,0,1,0
7.16,100,1,7,19178,1,1,19,1,0,1
8.85,95,4,4,2858,1,0,0,1,0,0
9.17,84,1,5,2500,0,1,16,1,1,0
5.78,93,2,7,12447,0,1,44,1,1,1
8.34,70,2,10,9787,1,0,0,1,1,0
8.48,87,0,3,12039,0,0,0,1,1,0
7.08,100,2,10,16727,1,0,0,1,1,0
9.43,79,3,5,9237,0,1,35,0,1,1
7.29,72,0,3,2635,1,0,0,1,0,1
7.68,74,2,5,22222,0,1,44,1,1,1
7.26,69,2,3,7014,0,0,0,0,1,1
7.52,73,2,10,6705,1,0,0,1,1,0
5.97,78,2,7,17519,1,0,0,1,1,0
5.48,65,0,1,10078,0,0,0,1,1,0
9.73,82,1,9,11683,1,1,42,1,1,0
6.31,93,2,9,14414,1,1,33,1,1,0
6.11,71,1,5,17418,0,0,0,1,1,0
4.49,100,1,9,10333,0,1,40,1,1,1
6.61,88,1,10,19600,0,1,26,1,1,0
5.65,94,1,6,2500,0,0,0,1,1,1
9.8,74,2,5,15799,1,1,31,1,1,1
8.91,92,0,3,7802,0,0,0,1,1,0
6.54,69,3,8,18861,0,0,0,1,1,1
10.0,93,0,4,12710,0,0,0,1,1,0
8.87,84,2,10,8635,0,1,21,1,1,0
7.05,89,1,3,15314,0,0,0,1,1,0
4.0,68,0,6,16466,0,1,22,1,1,1
10.0,71,2,8,15209,0,1,27,1,1,0
5.55,89,0,9,6852,1,0,0,1,1,1
5.2,71,0,6,9580,0,0,0,1,1,1
8.93,88,2,5,11980,1,0,0,1,0,0
10.0,66,0,2,11794,0,0,0,1,1,0
9.44,92,1,2,15749,0,0,0,0,1,0
8.29,67,0,9,2500,0,0,0,1,1,0
8.33,89,1,2,13672,0,0,0,1,1,0
8.69,90,0,2,10550,1,0,0,1,1,0
8.56,74,3,3,7807,1,0,0,0,1,0
7.89,89,0,3,8288,1,0,0,1,1,0
7.65,85,0,4,10927,1,1,28,1,0,1
7.41,76,3,7,2500,0,1,12,1,1,1
6.44,70,1,9,8494,0,0,0,1,1,0
7.11,58,3,2,7621,1,0,0,1,1,0
5.13,86,2,4,14664,1,0,0,1,1,0
7.36,63,0,9,7972,1,0,0,1,0,0
6.12,83,1,2,10924,0,0,0,1,1,0
5.95,79,1,10,19711,0,1,36,0,0,1
7.75,90,1,1,16972,1,1,11,1,1,0
9.45,78,0,10,16511,0,0,0,1,1,0
8.79,78,2,8,9501,0,1,28,1,1,0
5.3,91,2,9,14715,0,0,0,1,1,0
6.11,86,0,7,10831,1,0,0,1,1,1
8.82,86,0,8,11020,0,0,0,1,1,0
6.12,88,5,4,14048,1,0,0,1,1,1
7.19,64,0,4,9015,0,0,0,0,1,1
8.27,91,0,2,19465,1,0,0,1,1,0
6.14,89,1,8,11199,1,0,0,1,1,1
7.65,70,2,2,15092,0,0,0,1,1,1
5.63,79,1,9,19278,1,1,17,1,1,1
6.66,82,2,4,17158,0,1,16,1,1,0
7.95,80,1,1,4955,0,0,0,1,1,1
5.27,86,1,4,14224,1,0,0,1,0,1
8.12,99,2,3,16254,0,0,0,1,1,1
7.47,95,1,6,16459,0,1,16,1,1,0
8.27,66,1,7,6434,0,0,0,0,1,0
7.81,89,1,8,8715,0,0,0,1,1,0
9.41,98,1,2,16973,1,0,0,1,1,0
7.68,87,1,6,8191,0,0,0,1,1,1
6.9,95,2,6,10502,1,0,0,1,1,0
7.67,100,0,10,19879,1,1,21,1,1,0
8.26,94,1,5,11761,0,1,21,1,0,1
7.57,85,4,10,8366,0,0,0,1,0,1
7.56,95,0,10,7612,1,0,0,1,1,0
6.52,84,0,7,13664,0,0,0,1,1,0
6.57,82,1,3,5334,0,0,0,1,1,0
5.54,78,2,4,10763,0,1,16,1,1,0
9.95,100,4,10,13666,1,0,0,0,1,0
5.76,72,2,9,18496,1,0,0,1,1,1
6.53,100,0,4,15338,0,0,0,1,1,0
6.49,88,0,3,8430,0,1,16,1,0,0
8.75,65,1,2,17892,1,1,36,1,0,0
7.09,86,0,5,10502,1,0,0,1,1,0
9.25,57,1,4,5821,1,0,0,1,1,0
6.56,90,3,8,11140,1,0,0,1,1,1
7.89,93,0,7,19191,0,1,35,1,1,1
6.33,75,3,6,12826,1,0,0,1,1,1
10.0,83,1,2,12063,0,0,0,1,0,0
5.84,100,0,3,20186,0,0,0,1,1,0
7.93,76,1,10,4843,1,1,16,1,1,0
8.39,69,0,9,5572,0,0,0,1,1,1
8.08,100,1,9,3921,1,0,0,1,1,0
7.24,100,2,5,13863,0,0,0,1,1,1
7.32,82,1,3,12832,1,1,26,1,1,0
7.56,94,1,2,19714,1,1,13,1,0,1
7.29,98,4,8,13217,0,1,10,1,1,1
8.85,73,4,6,9979,1,0,0,0,1,1
10.0,76,1,10,12009,0,0,0,0,1,0
6.72,97,1,7,12589,1,1,43,1,1,1
5.58,100,1,1,3641,0,0,0,0,1,1
7.38,89,0,1,25552,1,1,24,1,1,0
10.0,71,2,10,14599,0,1,26,1,1,0
6.37,100,2,2,13050,0,0,0,0,1,1
9.79,76,0,10,15076,0,0,0,1,1,0
9.85,78,1,3,15547,0,1,18,1,1,0
6.72,86,1,1,11297,1,1,44,1,1,1
8.3,100,1,5,8844,1,0,0,1,1,0
9.78,92,0,3,14997,1,0,0,1,1,0
6.97,87,1,1,13929,0,0,0,1,1,0
7.21,88,0,8,7951,0,0,0,1,1,0
6.69,83,1,6,19095,0,0,0,1,1,0
6.08,89,0,9,13467,1,0,0,1,1,0
6.59,52,5,3,15649,1,1,19,0,1,1
5.79,78,3,9,18960,0,1,10,1,1,0
7.55,85,0,9,12109,0,1,14,1,0,0
6.42,68,3,1,13585,0,0,0,1,1,1
7.83,87,0,3,16050,1,0,0,1,0,0
5.32,80,0,6,8376,1,1,31,1,1,1
7.96,100,1,8,12270,1,0,0,1,1,0
8.67,100,0,4,12628,0,0,0,1,0,0
4.71,76,1,5,7220,1,0,0,0,0,0
8.02,80,2,9,23588,1,1,22,1,1,0
9.22,81,3,6,4964,0,1,25,1,1,0
5.81,77,0,7,5509,0,0,0,1,1,1
9.84,84,0,7,18571,0,1,17,1,1,0
8.09,73,2,4,15566,0,0,0,1,1,1
6.51,68,1,4,6870,1,0,0,1,1,1
7.42,89,2,4,15036,0,1,40,1,0,1
8.28,90,1,5,19339,1,1,21,1,1,0
7.61,72,1,5,11849,1,0,0,1,1,1
8.25,93,0,8,24994,0,0,0,1,1,0
6.21,74,1,9,3380,1,1,27,0,1,1
7.74,85,2,2,15469,0,1,39,1,1,1
5.52,92,2,7,17833,0,1,41,1,1,1
7.34,82,0,1,16457,0,0,0,1,1,0
6.23,87,2,1,10978,0,1,20,1,1,1
6.47,76,1,4,10548,0,1,29,1,1,1
9.23,80,1,10,14221,0,0,0,1,1,0
9.03,80,1,7,16079,0,1,35,1,1,0
8.35,73,1,2,15012,0,0,0,1,1,1
5.97,80,1,2,17200,1,0,0,0,1,0
7.06,63,0,1,6906,0,1,22,1,0,1
9.2,76,0,10,10861,1,0,0,1,1,0
7.7,79,1,2,7300,0,0,0,1,1,0
10.0,79,2,7,10069,1,1,16,1,1,0
8.05,79,1,9,17076,0,0,0,1,1,0
7.77,81,3,6,12540,1,0,0,1,1,1
7.07,88,1,10,25034,0,1,22,1,1,0
7.69,92,1,2,12967,1,0,0,1,0,0
7.29,74,0,10,12298,0,0,0,1,1,0
8.49,68,2,10,12531,0,0,0,1,1,0
8.84,69,2,9,8811,1,0,0,1,1,0
6.4,76,0,7,11711,0,1,10,1,1,1
5.64,78,0,1,17639,0,1,24,1,1,1
4.93,73,0,9,12570,0,0,0,1,1,1
8.21,66,2,2,8033,1,1,15,1,1,0
5.96,77,1,4,7375,1,0,0,1,0,1
4.49,84,2,9,9749,0,0,0,1,1,0
8.04,89,0,4,12369,1,1,17,1,0,0
10.0,75,2,3,17968,0,1,35,0,1,0
7.49,77,2,1,5298,0,0,0,1,1,0
8.67,71,0,7,10401,1,0,0,0,1,0
7.61,82,0,6,12722,1,0,0,0,1,1
7.36,72,1,10,2831,1,0,0,1,1,1
8.79,89,1,4,7832,0,0,0,0,1,0
7.09,61,1,6,8601,0,1,33,1,1,0
7.87,78,1,6,8020,0,0,0,1,1,0
7.95,86,2,4,12959,0,1,43,1,1,1
6.56,84,3,6,11197,0,0,0,1,1,1
8.89,100,1,10,9224,1,0,0,1,1,0
7.26,86,2,8,14140,1,0,0,1,1,1
6.44,70,2,3,20615,0,0,0,1,1,1
8.25,81,0,4,20196,0,1,31,1,1,0
6.24,61,2,10,2500,1,0,0,1,1,0
7.54,81,2,1,14885,0,0,0,1,1,0
7.49,72,3,4,11110,1,1,10,1,1,0
9.02,93,1,10,12776,0,1,44,0,1,1
8.16,75,1,10,10009,0,0,0,1,1,0
7.46,81,0,9,12588,1,0,0,1,1,0
8.64,74,0,8,12757,0,1,21,1,1,0
9.45,100,1,4,9105,0,1,30,1,1,0
8.28,78,1,7,7518,0,1,28,1,0,0
7.51,100,0,10,9757,1,0,0,1,1,0
5.66,92,1,3,13171,1,1,41,1,1,1
6.01,88,1,9,14995,0,0,0,0,1,1
7.07,86,2,10,16267,0,0,0,1,0,1
6.65,87,1,4,9529,1,1,41,1,1,1
7.24,59,0,2,13419,0,0,0,1,1,0
7.58,79,1,10,16813,1,0,0,1,0,1
8.24,92,0,5,17828,0,0,0,1,1,0
7.4,81,0,2,11706,0,0,0,0,0,0
8.18,65,0,10,10895,1,1,20,1,1,0
7.59,81,2,6,12956,0,1,29,1,1,0
4.73,100,1,10,6251,1,0,0,1,1,1
6.18,97,1,1,11032,0,0,0,1,1,0
7.3,81,1,6,15723,0,1,16,1,1,0
5.81,93,1,4,15210,1,1,14,1,1,1
8.34,78,1,3,10649,0,0,0,1,1,0
9.64,62,1,2,13089,1,1,16,0,0,0
9.21,71,1,7,7877,0,1,20,1,1,0
7.2,100,3,9,15517,1,0,0,1,1,1
9.59,79,1,3,11611,1,0,0,1,0,0
7.71,79,1,6,10620,0,0,0,1,1,0
7.03,78,2,9,10191,1,1,31,1,1,1
6.64,100,1,2,11686,1,0,0,1,1,0
7.08,100,3,7,9761,0,0,0,1,1,1
6.96,100,1,5,15291,1,0,0,1,1,0
7.74,80,0,5,10024,1,1,16,1,1,0
7.72,86,3,7,19965,0,0,0,1,1,0
7.5,64,0,9,19326,0,1,34,1,1,0
8.11,100,1,4,7542,0,1,44,1,1,0
9.17,68,0,9,12349,0,0,0,1,1,0
8.83,85,1,10,8747,1,0,0,0,1,0
5.42,69,2,9,10367,0,0,0,1,1,1
3.92,75,0,4,22012,1,1,21,1,0,1
8.81,72,1,3,10462,0,0,0,1,0,0
5.59,75,3,2,13801,0,0,0,1,1,1
7.19,76,2,9,14707,1,0,0,1,1,1
5.86,75,2,2,6997,0,0,0,1,0,1
4.98,92,0,6,7725,0,1,15,1,1,1
8.26,69,1,5,5970,0,1,20,0,1,1
8.56,85,0,5,7570,0,1,27,1,1,0
6.69,97,2,4,2500,0,0,0,1,0,1
3.87,76,2,6,14723,1,0,0,1,1,1
6.74,73,2,5,22271,0,1,25,1,1,0
8.05,79,1,4,12739,1,0,0,1,1,0
5.43,96,0,9,4919,1,1,38,1,1,1
7.76,84,0,6,8786,0,0,0,1,1,1
7.48,76,2,10,9706,0,0,0,1,1,1
8.31,88,1,10,6912,1,1,25,0,1,1
7.67,69,0,10,16301,1,1,35,1,1,1
6.14,90,0,3,16051,0,1,31,1,1,1
9.18,87,0,10,6223,0,0,0,1,1,0
7.28,78,0,6,15625,0,0,0,0,1,1
7.46,72,3,1,19634,0,0,0,1,1,1
6.19,71,1,5,21513,1,1,34,1,1,0
6.88,88,0,10,26326,1,1,24,1,1,1
6.26,97,2,6,7490,0,0,0,1,1,0
7.26,74,1,8,26121,1,1,35,1,0,1
9.9,88,3,9,10229,1,1,30,1,1,0
5.58,57,1,3,9038,0,1,32,1,1,1
5.24,75,1,2,13635,0,0,0,1,1,0
9.56,82,5,4,9090,1,0,0,1,1,1
7.21,71,1,8,13995,1,1,33,0,0,1
6.56,71,1,8,5400,1,0,0,0,1,0
8.96,74,1,3,10806,0,1,11,1,1,0
6.65,86,1,4,18428,0,1,21,1,0,0
10.0,80,0,3,11715,0,1,23,1,1,0
8.45,55,1,10,12708,1,0,0,1,1,0
6.82,57,0,2,14376,1,0,0,1,1,1
10.0,75,0,4,17853,0,0,0,1,1,0
6.65,87,1,6,3724,1,0,0,1,0,1
8.54,49,2,5,14923,1,0,0,1,1,0
7.92,76,1,3,10659,1,0,0,1,0,0
9.32,76,1,2,12833,1,0,0,1,0,0
9.69,99,0,9,17300,0,0,0,0,1,0
7.54,77,2,1,6029,1,0,0,1,1,0
6.45,87,0,9,6937,0,0,0,1,1,1
8.14,84,3,1,2500,0,0,0,1,1,0
6.55,56,3,7,9254,1,1,41,1,1,1
10.0,91,1,6,18652,1,0,0,1,1,0
7.69,85,0,7,11397,0,0,0,1,1,0
6.99,88,1,3,5299,1,1,15,1,0,1
7.76,100,1,3,9572,1,1,36,1,1,0
5.61,57,3,1,4561,1,0,0,1,1,1
6.14,100,1,4,6374,0,1,40,1,0,1
9.18,79,0,2,13944,1,1,21,1,1,0
6.58,85,2,10,6131,0,1,30,1,1,1
6.03,81,0,8,17563,0,0,0,1,1,0
8.25,77,0,3,11644,0,1,14,1,1,0
9.16,75,1,7,12428,0,0,0,1,1,0
8.51,86,1,7,10608,1,0,0,1,1,0
8.89,64,1,9,15864,0,1,27,1,1,1
6.44,91,0,6,15916,1,0,0,0,0,0
5.51,77,3,1,13675,0,1,17,1,1,1
9.6,68,1,8,14824,1,0,0,1,1,0
7.05,77,0,1,10940,1,1,18,1,1,0
7.15,97,2,3,14711,1,0,0,1,1,0
9.36,76,2,5,10311,1,0,0,1,1,0
8.28,86,1,8,12011,1,0,0,1,0,1
8.14,73,1,9,10627,1,0,0,1,1,1
10.0,91,2,7,9714,1,0,0,1,1,0
6.6,90,0,9,8554,0,1,30,1,1,0
8.8,100,1,3,14338,1,0,0,1,1,0
7.58,80,2,5,18553,0,1,38,1,1,1
7.88,90,0,10,17856,0,0,0,1,1,0
9.64,83,1,8,5717,1,0,0,1,1,0
8.21,98,1,1,18446,0,1,28,1,1,1
8.25,73,1,8,10409,1,0,0,1,1,0
9.0,91,2,7,15004,0,1,33,1,1,1
6.99,80,1,1,7469,0,1,15,1,1,1
6.33,81,1,10,12710,0,0,0,1,0,0
6.04,83,3,10,13569,0,1,43,1,1,1
4.75,85,2,6,4577,1,1,11,0,1,1
10.0,81,1,1,15041,0,0,0,1,1,0
5.96,85,0,2,18730,0,1,24,0,1,1
7.19,100,0,5,11127,0,0,0,1,1,0
7.11,94,0,2,18801,0,0,0,1,1,0
7.93,92,1,10,11052,1,1,26,1,1,0
8.64,77,0,1,16248,0,1,43,1,1,0
8.7,71,0,6,2500,1,1,41,1,0,1
6.68,93,3,8,24094,1,1,32,1,1,0
7.27,93,1,8,19477,1,1,44,1,1,1
7.9,100,0,8,10577,1,1,42,1,1,0
7.15,75,0,6,2500,0,0,0,1,0,1
9.75,79,0,3,13440,0,0,0,0,1,0
8.19,62,2,1,4780,1,0,0,1,1,1
8.53,77,2,2,14224,1,1,28,1,0,1
8.43,94,0,5,14058,1,0,0,1,1,0
9.14,76,2,10,7293,1,0,0,0,1,1
7.75,90,1,5,17605,0,0,0,1,1,1
5.68,80,2,10,16028,0,1,14,1,0,1
8.06,86,0,1,16879,1,1,34,1,0,1
6.59,68,1,1,12044,1,0,0,1,0,1
6.76,83,2,9,4922,0,0,0,1,1,1
8.32,46,2,2,16889,1,0,0,0,0,1
9.23,80,3,7,10648,0,0,0,1,1,1
7.53,62,2,10,5051,0,0,0,0,1,1
7.93,96,0,4,18760,1,1,27,1,1,0
9.88,91,1,7,22497,1,1,30,1,1,0
7.84,88,2,8,11794,0,0,0,1,1,0
10.0,100,0,5,22796,0,0,0,1,1,0
8.29,71,1,1,12457,0,0,0,0,0,1
5.03,100,2,4,10098,1,0,0,1,1,1
8.55,93,2,10,8848,0,0,0,1,1,1
8.03,79,2,3,20185,1,0,0,1,0,0
9.31,96,0,10,8099,1,0,0,1,1,0
8.44,69,2,5,15676,1,1,16,0,1,0
7.31,72,1,10,9204,0,1,16,1,1,1
5.79,75,1,10,9698,1,1,17,1,1,0
7.21,76,1,6,17151,0,0,0,1,1,0
6.31,69,2,2,10100,0,1,26,1,1,1
6.69,97,1,7,9976,0,1,20,1,0,0
8.32,79,0,3,17664,0,0,0,1,1,0
9.84,86,4,1,19987,1,0,0,1,1,0
8.05,75,1,10,15223,0,0,0,1,1,0
5.83,60,0,3,8726,0,0,0,0,1,1
8.12,85,0,9,9447,1,0,0,1,1,0
9.18,59,1,10,12400,0,0,0,1,0,1
6.65,81,0,6,13605,1,0,0,0,1,0
7.31,66,0,6,7061,0,0,0,1,1,0
7.52,100,4,4,15615,0,0,0,0,0,1
6.4,93,1,8,12428,1,1,31,0,1,1
8.41,83,0,5,3421,0,0,0,1,1,1
7.33,97,2,7,7355,1,1,31,1,1,0
8.09,72,1,9,9479,0,0,0,1,1,0
6.26,89,0,5,11636,0,0,0,1,0,0
6.89,84,0,5,21446,0,0,0,1,1,0
8.51,85,0,4,13191,0,0,0,1,1,0
6.98,97,0,6,7796,0,0,0,1,1,1
9.92,91,1,2,13103,1,0,0,1,0,0
6.94,85,0,3,10240,0,0,0,1,0,0
7.81,62,2,1,13624,0,1,30,1,1,1
8.81,70,0,2,14903,0,0,0,1,1,1
5.51,81,1,2,18046,1,1,26,1,1,1
5.03,83,4,8,11879,1,0,0,1,1,1
5.36,68,1,8,20195,1,1,42,1,0,1
9.27,100,2,2,16540,1,0,0,1,0,0
6.73,100,1,6,8463,0,1,22,1,0,0
10.0,89,2,5,23049,0,1,10,1,1,0
6.71,83,1,3,13635,1,1,43,1,0,1
7.76,79,1,5,7824,1,0,0,1,0,0
9.66,71,2,5,20265,0,1,22,1,1,0
10.0,83,1,5,22389,0,0,0,1,1,0
10.0,85,2,3,11835,1,1,16,0,1,0
9.19,67,0,3,9482,1,0,0,1,1,0
8.93,86,0,4,11138,0,0,0,1,0,0
8.33,80,2,7,15574,1,0,0,1,1,0
